record_id,age_group,country,residence,occupation,stress_event,stress_effects,stress_location,stress_frequency,daily_stressors,coping_strategy,support_needed
S001,25 - 34,Nigeria,In a big city,I am looking for work (job hunting),It’s a lot,I got angry and depressed,At home,Every day,"Money/Financial problems, Pressure from family, marriage, or society, Problems in my relationships",,Not knowing where to go
S002,25 - 34,Nigeria,In a big city,I am looking for work (job hunting),"Lost my job last two weeks, worried about finances","Thought I was helping out a friend, I didn’t dwell on it Looking for a better opportunity",Online or on social media,Every day,"Money/Financial problems, Not feeling safe, or being harassed, Pressure from family, marriage, or society",Focus on what I can influence,
S003,18 - 24,South Africa,In a big city,"I work for an employer (office, shop, school, hospital, etc.)","I was stressed about finding a job in my field (Journalism), I've been applying tirelessly, gave up at some point because I felt like nothing is coming","I kept quiet because I'm scared, and overwhelmed by everything, I dont want to burden anyone with my problems, so instead I've been quiet about it, and just hoping it will be resolved soon","At home, On the road or in public places (buses, streets, markets), Online or on social media",Every day,"Money/Financial problems, Pressure from family, marriage, or society, Problems in my relationships","I sleep, pray and cry. I dont like talking about my issues as I feel people pity me or dont show up for me the way I want to","I fear being judged, being a burden, someone being impatient with me"
S004,35 - 44,Nigeria,Unclear response,I am looking for work (job hunting),"I noticed I'm feeling tension in my forehead, made me wonder why - I was expecting a call regarding a job opportunity that never came in.",I don't know. I wasn't frowning - Maybe I have been frowning in my mind. I noticed my mood tilting towards depression.,"I don't know. All of the above and others, I guess. I only catch myself my mood registers into my consciousness.",Every day,"Money/Financial problems, My health or the health of someone I love, Sometimes, it has to do with issues that registers in the subconscious.","I ""guide myself towards the light"" - I ask why it bothers me, what I can do to help the situation, treat myself kindly ( - pamper/""bribe"" myself).",Steady source of income - Active and passive.
S005,45 - 54,Nigeria,In a big city,"I work for an employer (office, shop, school, hospital, etc.)",Work load,I was not able to accomplish my task,At work,Rarely,My health or the health of someone I love,Rest,No time
S006,25 - 34,Canada,Prefer not to say,I am a student,Logistics issues,Technical delay,"On the road or in public places (buses, streets, markets)",Rarely,Money/Financial problems,Practice gratitude,Not having enough resources
S007,35 - 44,Nigeria,In a big city,"I work for an employer (office, shop, school, hospital, etc.), I am a student",I was preparing for my presentations and couldn't assimilate fast and also I couldn't make a coherent speech. It was so troubling and overwhelming.,I couldn't sleep and had to practice over and over again,"At school, At work",A few times a month,Money/Financial problems,Sleep if I can,Moral support
S008,45 - 54,Nigeria,In a smaller town,"I work for an employer (office, shop, school, hospital, etc.)",Stress comes from having to do so much at the same time and meeting hard deadlines.,I was overwhelmed,"At home, At work",Rarely,"Money/Financial problems, Not feeling safe, or being harassed, Pressure from family, marriage, or society",I walk away from the situation for a while,more money
S009,45 - 54,Nigeria,In a big city,"I work for an employer (office, shop, school, hospital, etc.)",My daughter was sick and was so busy at work,I was worried,"At home, At school",A few times a week,"Money/Financial problems, My health or the health of someone I love",I pray and sleep,I don't know
S010,25 - 34,Nigeria,In a big city,I run my own business or work for myself,"Recently, I felt worried about my finances because my business was not making as much money as I need. I started to think of how to leverage my skills to get extra income and the thought of job hunting and paid employment was really overwhelming",I just had this knot in my chest.,At home,Rarely,Money/Financial problems,I try to make an actionable plan. I realize that having something to do about my situation takes my mind off worrying.,"Flexible, remote job opportunities that are actually accessible to Nigerians."
S011,45 - 54,Nigeria,In a big city,"I work for an employer (office, shop, school, hospital, etc.)","Got so many assignments from many groups I belong to. Include: lecture delivery at mosque, community outing, academic research deadline, paper submission, official assignment","Body pain due to long hours of sitting with computer, headache, late night sleep",Online or on social media,Every day,"Money/Financial problems, Pressure from family, marriage, or society","Take medication, try to ignore task and rest",Assistance from family and colleagues
S012,18 - 24,Nigeria,In a big city,"I run my own business or work for myself, I am looking for work (job hunting)","Everyday, my most stressed was last week Thursday when I went for two interviews",It just made me feel like I didn't know what I am doing with my life,"At home, At work, On the road or in public places (buses, streets, markets)",Every day,"Money/Financial problems, Not feeling safe, or being harassed, Pressure from family, marriage, or society, Taking care of children, family, or the home, How I am treated at work, My health or the health of someone I love, Being treated unfairly because I am a woman (or for other reasons)","I don't do anything, sometimes I doomscroll on my phone","Financial support, getting a proper job"
S013,25 - 34,Nigeria,In a big city,I am a student,"Experienced significant emotional distress during a demanding clinical work incident involving a patient death; this led to sadness, self-questioning and career-related reflection.",Difficulty sleeping and emotional distress after the incident.,At work,A few times a week,My health or the health of someone I love,Sticking to the right solution. Anxiety does not actually help,Show of kindness and prompt treatment. Cost can be a challenge too
S014,25 - 34,Nigeria,In a big city,"I work for an employer (office, shop, school, hospital, etc.), I run my own business or work for myself",I was thinking about the things I’d need to do to expand my business and it got all overwhelming because there are so many uncertainties,"When I get super anxious or overwhelmed, I get a knot in my chest, so I try to distract myself and watch a movie or doomscrolling",At home,A few times a week,"Money/Financial problems, Not feeling safe, or being harassed",Distract myself with social media or a movie,"Not knowing where to find the money I need, or knowing and trying to figure out how feasible it is."
S015,25 - 34,Nigeria,In a big city,"I work for an employer (office, shop, school, hospital, etc.)","I applied for three different opportunities, and none were successful. It made me think about how things weren't in my favor this year.",It made me feel sad and anxious,"At home, At school, On the road or in public places (buses, streets, markets), Online or on social media, At church, mosque, or in the community",Every day,Money/Financial problems,,"Maybe mental health assessment? The country and yeah, the cost of it."
S016,25 - 34,Nigeria,In a big city,I am looking for work (job hunting),"I've been job hunting for months now, and it has been so overwhelming, most times I cry myself to sleep and I keep wondering what I'm doing wrong, I also get so nervous over anything and everything","Most times I stay awake thinking about what went wrong, and I use to be a talkative but now I don't even open my mouth to say anything again cause I'm tired","At home, On the road or in public places (buses, streets, markets), Online or on social media",Every day,"Money/Financial problems, Not feeling safe, or being harassed, My health or the health of someone I love, Being treated unfairly because I am a woman (or for other reasons)",I just stare into the air,"I just need a stable job that can fetch me good income, that way I can take care of my needs and that of the people around me"
S017,45 - 54,Nigeria,In a big city,I run my own business or work for myself,"Nothing much,just work,keep up with the home etc",I couldn't sleep,At work,A few times a week,Money/Financial problems,Financial situation helps,Not knowing where to go
S018,18 - 24,Nigeria,In a big city,"I run my own business or work for myself, I look after my home and family full-time, I am looking for work (job hunting)","I'm in a little debt, so stressed about it. Also stressed about inability to grow my business because of lack of funds and help (people).",I felt overwhelmed,"At work, Online or on social media",Once a week,"Money/Financial problems, Pressure from family, marriage, or society, Taking care of children, family, or the home, Being treated unfairly because I am a woman (or for other reasons)","I seclude myself. I have my own room so I go in and find some quiet. Play some games, breathe","I think access to money and a safe space. More accessible grants, not loans and a space for just women to walk in calm, relax, breathe."
S019,45 - 54,Nigeria,In a big city,"I work for an employer (office, shop, school, hospital, etc.)","Whenever I don't have enough time to rest, I am stressed. Most times I am busy in the office from Monday to Friday and weekend too there are a lot of commitments because as a mother you have to attend to the family by taking care of the family, preparing meals for the week and arranging the house with all of these you hardly find time to rest thereby leading to stress",Not been able to rest well by weekend to prepare well for the week ahead,"At home, At work, At church, mosque, or in the community",A few times a month,"Money/Financial problems, Pressure from family, marriage, or society, Taking care of children, family, or the home, My health or the health of someone I love",By planning on how to go about it without being stressed,Getting a help from family
S020,25 - 34,Nigeria,In a big city,"I work for an employer (office, shop, school, hospital, etc.)","Work had been very demanding, I also had a lot of emotional and mental load to work through so, I was overwhelmed and burnt out.",I wasn't sleeping well. I wanted to spend some time by myself,"At home, At work",A few times a month,"Money/Financial problems, Taking care of children, family, or the home, My health or the health of someone I love","I try to take some time away from everything, where possible. I also pray.",
S021,35 - 44,Nigeria,In a big city,"I work for an employer (office, shop, school, hospital, etc.)",I went to the market,My legs hurt a lot,At home,A few times a week,Money/Financial problems,Sleep forget about it,Cost
S022,65 or older,Nigeria,In a big city,I am retired,Just tired,I kept quiet and stayed in my room all day,At home,A few times a month,"Taking care of children, family, or the home",Take a day off to rest,Cost
S023,65 or older,Nigeria,In a big city,I am retired,I am currently looking after my grandbaby...and I do this all day.I feel really stressed,"I couldn't sleep well, my blood pressure is shooting up.",At home,Every day,"Pressure from family, marriage, or society, Taking care of children, family, or the home, My health or the health of someone I love","For now, there's nothing I can do about it.. but after three months I shall go back to my own house.",Fear of being judged
S024,25 - 34,Nigeria,In a big city,"I work for an employer (office, shop, school, hospital, etc.), I am looking for work (job hunting)","I applied to a foreign remote job, from the interview till I got the offer and started onboarding I had terrible anxiety. I had to quit the job because I was always anxious. The onboarding was self led, you onboarding yourself and ask questions when you’re confused. There’s no human to guide you, just an onboarding document. The moment I quit, I started breathing and sleeping fine. Even getting the laptop for the job was another issue, I was sold at an overpriced rate, the screen went blank and I had to change it after quarreling with the vendor.",I couldn’t sleep! I mean I was awake for 2 days straight just tossing on the bed and walking restlessly.,"At home, At work",Once a week,"Money/Financial problems, Problems in my relationships",I rest and sometimes turn off my phone,More money actually. I’d like to go on a vacation soon and just stretch my feet and not check Slack.
